Close Ratio,High Ratio,Low Ratio
1.0014195950663254,0.9965557365603911,1.0058645566674425
1.0086279658632655,0.9944902935384039,1.0098236893932289
1.005717512529117,0.9995058939789653,1.0151761135032116
