Close Ratio,High Ratio,Low Ratio
1.003643377625375,0.9944277753964853,1.0083583369052722
0.9874012385223149,0.9827033952594492,1.0025624599615632
0.9938284741434348,0.9938284741434348,1.0017024898914662
