Close Ratio,High Ratio,Low Ratio
1.0056031534026126,0.9958302114213115,1.0059614946085935
0.9986007159127888,0.9941750732183533,1.0068011714936542
0.9977218732710645,0.9904969570735837,1.002343216064048
