Close Ratio,High Ratio,Low Ratio
1.00625,0.99609375,1.01484375
0.9871114480667172,0.979529946929492,1.0
0.9894657637321295,0.9887133182844244,1.0007524454477053
