Close Ratio,High Ratio,Low Ratio
0.9973398479913137,0.9948968512486427,1.0063626492942455
0.9918889476125247,0.9857301565044816,1.0009060218092394
1.0004219409282702,0.9914097154603484,1.004003029319485
