Close Ratio,High Ratio,Low Ratio
1.0071516646115908,0.9940813810110976,1.0106041923551172
1.01131221719457,0.9929612870789342,1.0180995475113122
0.9990255785627284,0.9970767356881852,1.0048721071863582
