Close Ratio,High Ratio,Low Ratio
0.9834892680242157,0.9766097963676389,1.0013758943313154
1.0072202166064983,0.9986114968064428,1.0116634268258817
1.014301738642737,0.9977565900168256,1.015703869882221
