Close Ratio,High Ratio,Low Ratio
0.9779179810725553,0.9734728993404073,1.0011471178663607
0.9982768523836875,0.9919586444572085,1.0011487650775417
0.9995695221696083,0.9977041182379108,1.0030133448127423
